Joris Vaillant <joris dot vaillant at gmail dot com>
François Keith <francois dot keith at gmail dot com>
Benjamin Chrétien <chretien dot b at gmail dot com>
Hervé Audren <h dot audren at gmail dot com>
Pierre Gergondet <pierre dot gergondet at gmail dot com>
Stanislas Brossette <stanislas dot brossette at gmail dot com>
Vincent Samy <vincent dot samy at aist dot go dot jp>
